sample_idx,batch,m01,m02,m03,m04,m05,m06,m07,m08,m09,m10,m11,m12
0,1,22.5000,21.8606,19.2308,18.1246,20.6490,25.5636,29.4183,29.7219,27.2299,25.2469,26.5859,30.9791
1,2,5.1976,4.4547,1.8117,0.7884,3.4064,8.3268,12.0787,12.2473,9.6910,7.7498,9.1718,13.5841
2,3,5.8882,5.0401,2.3839,1.4423,4.1493,9.0689,12.7127,12.7440,10.1239,8.2245,9.7267,14.1526
3,4,6.5684,5.6135,2.9442,2.0829,4.8743,9.7867,13.3170,13.2094,10.5260,8.6685,10.2479,14.6821
4,5,7.2348,6.1717,3.4896,2.7072,5.5785,10.4771,13.8890,13.6407,10.8949,9.0794,10.7333,15.1707
5,6,7.8841,6.7116,4.0168,3.3120,6.2586,11.1373,14.4259,14.0355,11.2282,9.4550,11.1808,15.6163
6,7,8.5130,7.2300,4.5230,3.8944,6.9118,11.7644,14.9252,14.3914,11.5239,9.7935,11.5885,16.0172
7,8,9.1184,7.7239,5.0052,4.4515,7.5353,12.3557,15.3843,14.7065,11.7801,10.0929,11.9548,16.3720
8,1,9.6972,8.1906,5.4607,4.9807,8.1264,12.9089,15.8012,14.9787,11.9950,10.3518,12.2781,16.6795
9,2,10.2465,8.6273,5.8869,5.4794,8.6826,13.4216,16.1739,15.2064,12.1672,10.5687,12.5572,16.9385
10,3,10.7635,9.0313,6.2813,5.9451,9.2018,13.8917,16.5004,15.3880,12.2954,10.7426,12.7912,17.1482
11,4,11.2455,9.4003,6.6417,6.3758,9.6817,14.3174,16.7793,15.5222,12.3785,10.8724,12.9792,17.3082
12,5,11.6900,9.7320,6.9658,6.7693,10.1204,14.6968,17.0091,15.6080,12.4157,10.9576,13.1207,17.4180
13,6,12.0947,10.0242,7.2518,7.1238,10.5164,15.0286,17.1887,15.6445,12.4064,10.9977,13.2154,17.4775
14,7,12.4573,10.2751,7.4980,7.4377,10.8679,15.3116,17.3171,15.6312,12.3502,10.9924,13.2632,17.4870
15,8,12.7760,10.4830,7.7028,7.7096,11.1739,15.5446,17.3937,15.5676,12.2469,10.9417,13.2642,17.4469
16,1,13.0490,10.6464,7.8648,7.9383,11.4333,15.7269,17.4180,15.4536,12.0967,10.8460,13.2190,17.3577
17,2,13.2747,10.7639,7.9831,8.1229,11.6452,15.8580,17.3899,15.2894,11.9000,10.7056,13.1280,17.2203
18,3,13.4517,10.8346,8.0568,8.2625,11.8091,15.9376,17.3092,15.0753,11.6572,10.5214,12.9922,17.0358
19,4,13.5791,10.8577,8.0851,8.3567,11.9247,15.9656,17.1765,14.8118,11.3693,10.2942,12.8127,16.8055
20,5,13.6558,10.8324,8.0677,8.4053,11.9918,15.9421,16.9920,14.4999,11.0372,10.0253,12.5907,16.5310
21,6,13.6814,10.7586,8.0045,8.4081,12.0107,15.8677,16.7567,14.1406,10.6623,9.7160,12.3279,16.2140
22,7,13.6552,10.6360,7.8954,8.3654,11.9816,15.7430,16.4715,13.7351,10.2459,9.3680,12.0259,15.8565
23,8,13.5773,10.4647,7.7408,8.2777,11.9053,15.5688,16.1376,13.2851,9.7899,8.9830,11.6867,15.4605
24,1,13.4477,10.2453,7.5413,8.1455,11.7826,15.3463,15.7565,12.7922,9.2961,8.5631,11.3124,15.0285
25,2,13.2666,9.9781,7.2976,7.9699,11.6145,15.0769,15.3299,12.2583,8.7667,8.1104,10.9052,14.5628
26,3,13.0347,9.6641,7.0108,7.7519,11.4023,14.7621,14.8596,11.6857,8.2038,7.6274,10.4677,14.0661
27,4,12.7528,9.3044,6.6820,7.4929,11.1477,14.4036,14.3477,11.0766,7.6100,7.1164,10.0024,13.5412
28,5,12.4220,8.9002,6.3126,7.1944,10.8522,14.0036,13.7965,10.4336,6.9880,6.5803,9.5121,12.9911
29,6,12.0434,8.4531,5.9045,6.8582,10.5179,13.5641,13.2085,9.7592,6.3404,6.0219,8.9997,12.4186
30,7,11.6185,7.9647,5.4593,6.4863,10.1468,13.0876,12.5862,9.0564,5.6702,5.4439,8.4682,11.8269
31,8,11.1492,7.4370,4.9793,6.0808,9.7412,12.5764,11.9325,8.3281,4.9804,4.8496,7.9206,11.2193
32,1,10.6372,6.8722,4.4665,5.6441,9.3037,12.0334,11.2502,7.5774,4.2742,4.2420,7.3600,10.5990
33,2,10.0848,6.2726,3.9235,5.1786,8.8367,11.4612,10.5424,6.8075,3.5548,3.6244,6.7898,9.9693
34,3,9.4942,5.6407,3.3528,4.6869,8.3430,10.8630,9.8123,6.0216,2.8255,3.0000,6.2132,9.3336
35,4,8.8679,4.9790,2.7572,4.1719,7.8256,10.2416,9.0632,5.2232,2.0898,2.3722,5.6335,8.6952
36,5,8.2086,4.2905,2.1395,3.6364,7.2874,9.6004,8.2983,4.4157,1.3509,1.7443,5.0540,8.0575
37,6,7.5191,3.5781,1.5027,3.0834,6.7315,8.9425,7.5210,3.6026,0.6125,1.1196,4.4781,7.4239
38,7,6.8023,2.8448,0.8499,2.5161,6.1611,8.2712,6.7349,2.7874,-0.1222,0.5016,3.9089,6.7976
39,8,6.0613,2.0939,0.1843,1.9376,5.5794,7.5899,5.9435,1.9736,-0.8495,-0.1065,3.3499,6.1820
40,1,5.2993,1.3287,-0.4909,1.3511,4.9896,6.9021,5.1501,1.1647,-1.5661,-0.7013,2.8042,5.5803
41,2,4.5196,0.5523,-1.1722,0.7599,4.3951,6.2111,4.3585,0.3644,-2.2686,-1.2796,2.2749,4.9956
42,3,3.7256,-0.2316,-1.8565,0.1675,3.7993,5.5203,3.5719,-0.4241,-2.9537,-1.8383,1.7651,4.4308
43,4,2.9206,-1.0196,-2.5401,-0.4230,3.2055,4.8332,2.7940,-1.1972,-3.6180,-2.3742,1.2779,3.8890
44,5,2.1082,-1.8083,-3.2198,-1.0082,2.6169,4.1530,2.0280,-1.9516,-4.2583,-2.8843,0.8159,3.3730
45,6,1.2920,-2.5941,-3.8921,-1.5848,2.0369,3.4832,1.2774,-2.6840,-4.8717,-3.3658,0.3820,2.8853
46,7,0.4753,-3.3736,-4.5536,-2.1495,1.4686,2.8270,0.5455,-3.3913,-5.4552,-3.8160,-0.0214,2.4284
47,8,-0.3382,-4.1432,-5.2010,-2.6990,0.9153,2.1876,-0.1648,-4.0704,-6.0058,-4.2322,-0.3916,2.0048
48,1,-1.1451,-4.8995,-5.8311,-3.2304,0.3801,1.5680,-0.8501,-4.7184,-6.5210,-4.6120,-0.7266,1.6166
49,2,-1.9418,-5.6392,-6.4405,-3.7404,-0.1342,0.9712,-1.5078,-5.3326,-6.9982,-4.9532,-1.0242,1.2657
50,3,-2.7249,-6.3588,-7.0261,-4.2261,-0.6245,0.4001,-2.1349,-5.9103,-7.4350,-5.2537,-1.2825,0.9539
51,4,-3.4911,-7.0552,-7.5850,-4.6847,-1.0882,-0.1427,-2.7289,-6.4491,-7.8294,-5.5115,-1.4999,0.6827
52,5,-4.2371,-7.7253,-8.1141,-5.1135,-1.5227,-0.6546,-3.2873,-6.9467,-8.1792,-5.7250,-1.6749,0.4536
53,6,-4.9597,-8.3659,-8.6108,-5.5098,-1.9254,-1.1332,-3.8078,-7.4011,-8.4828,-5.8928,-1.8061,0.2677
54,7,-5.6559,-8.9744,-9.0724,-5.8713,-2.2942,-1.5763,-4.2883,-7.8104,-8.7386,-6.0135,-1.8927,0.1258
55,8,-6.3227,-9.5478,-9.4964,-6.1958,-2.6269,-1.9819,-4.7270,-8.1729,-8.9453,-6.0861,-1.9336,0.0287
56,1,-6.9574,-10.0837,-9.8805,-6.4810,-2.9216,-2.3481,-5.1222,-8.4872,-9.1016,-6.1099,-1.9284,-0.0233
57,2,-7.5573,-10.5796,-10.2225,-6.7253,-3.1766,-2.6735,-5.4723,-8.7521,-9.2068,-6.0842,-1.8768,-0.0299
58,3,-8.1199,-11.0333,-10.5207,-6.9269,-3.3903,-2.9564,-5.7762,-8.9667,-9.2603,-6.0087,-1.7785,0.0089
59,4,-8.6431,-11.4428,-10.7732,-7.0843,-3.5615,-3.1959,-6.0329,-9.1301,-9.2615,-5.8833,-1.6337,0.0928
60,5,-9.1246,-11.8062,-10.9785,-7.1963,-3.6891,-3.3908,-6.2415,-9.2419,-9.2104,-5.7082,-1.4428,0.2213
61,6,-9.5626,-12.1220,-11.1353,-7.2618,-3.7722,-3.5406,-6.4016,-9.3018,-9.1070,-5.4838,-1.2064,0.3937
62,7,-9.9554,-12.3887,-11.2426,-7.2801,-3.8102,-3.6447,-6.5127,-9.3097,-8.9516,-5.2107,-0.9252,0.6089
63,8,-10.3015,-12.6053,-11.2995,-7.2506,-3.8027,-3.7028,-6.5750,-9.2661,-8.7449,-4.8897,-0.6005,0.8659
64,1,-10.5998,-12.7706,-11.3055,-7.1730,-3.7496,-3.7149,-6.5884,-9.1711,-8.4876,-4.5219,-0.2334,1.1631
65,2,-10.8492,-12.8842,-11.2601,-7.0471,-3.6509,-3.6813,-6.5535,-9.0257,-8.1807,-4.1087,0.1746,1.4991
66,3,-11.0489,-12.9454,-11.1633,-6.8732,-3.5070,-3.6025,-6.4709,-8.8307,-7.8256,-3.6516,0.6217,1.8719
67,4,-11.1984,-12.9541,-11.0151,-6.6516,-3.3183,-3.4790,-6.3414,-8.5873,-7.4237,-3.1524,1.1060,2.2796
68,5,-11.2974,-12.9103,-10.8160,-6.3829,-3.0858,-3.3118,-6.1663,-8.2969,-6.9767,-2.6131,1.6254,2.7200
69,6,-11.3458,-12.8143,-10.5665,-6.0680,-2.8104,-3.1021,-5.9467,-7.9610,-6.4866,-2.0357,2.1776,3.1907
70,7,-11.3439,-12.6666,-10.2674,-5.7080,-2.4934,-2.8512,-5.6843,-7.5816,-5.9554,-1.4227,2.7602,3.6891
71,8,-11.2921,-12.4679,-9.9200,-5.3042,-2.1362,-2.5607,-5.3808,-7.1606,-5.3855,-0.7766,3.3704,4.2126
72,1,-11.1909,-12.2192,-9.5254,-4.8581,-1.7405,-2.2323,-5.0382,-6.7003,-4.7794,-0.1000,4.0056,4.7584
73,2,-11.0414,-11.9218,-9.0852,-4.3715,-1.3081,-1.8681,-4.6586,-6.2029,-4.1397,0.6042,4.6628,5.3236
74,3,-10.8447,-11.5771,-8.6011,-3.8464,-0.8411,-1.4702,-4.2443,-5.6712,-3.4692,1.3329,5.3389,5.9050
75,4,-10.6020,-11.1867,-8.0751,-3.2848,-0.3419,-1.0410,-3.7977,-5.1077,-2.7708,2.0833,6.0309,6.4996
76,5,-10.3151,-10.7525,-7.5093,-2.6892,0.1873,-0.5828,-3.3216,-4.5154,-2.0477,2.8519,6.7355,7.1041
77,6,-9.9855,-10.2766,-6.9061,-2.0620,0.7438,-0.0985,-2.8187,-3.8972,-1.3030,3.6355,7.4494,7.7153
78,7,-9.6154,-9.7612,-6.2680,-1.4059,1.3249,0.4094,-2.2919,-3.2562,-0.5400,4.4308,8.1692,8.3299
79,8,-9.2069,-9.2088,-5.5977,-0.7237,1.9277,0.9377,-1.7442,-2.5956,0.2379,5.2342,8.8915,8.9445
80,1,-8.7622,-8.6219,-4.8980,-0.0185,2.5492,1.4836,-1.1787,-1.9186,1.0273,6.0424,9.6129,9.5558
81,2,-8.2840,-8.0034,-4.1718,0.7068,3.1864,2.0440,-0.5986,-1.2287,1.8248,6.8517,10.3299,10.1605
82,3,-7.7749,-7.3562,-3.4224,1.4490,3.8361,2.6156,-0.0071,-0.5291,2.6268,7.6587,11.0391,10.7551
83,4,-7.2377,-6.6832,-2.6528,2.2047,4.4949,3.1953,0.5924,0.1766,3.4298,8.4598,11.7371,11.3365
84,5,-6.6753,-5.9876,-1.8664,2.9707,5.1596,3.7796,1.1967,0.8852,4.2303,9.2516,12.4205,11.9013
85,6,-6.0908,-5.2726,-1.0666,3.7434,5.8269,4.3654,1.8024,1.5930,5.0248,10.0306,13.0859,12.4466
86,7,-5.4872,-4.5416,-0.2568,4.5195,6.4932,4.9493,2.4061,2.2968,5.8099,10.7933,13.7302,12.9691
87,8,-4.8679,-3.7979,0.5596,5.2955,7.1553,5.5280,3.0046,2.9932,6.5821,11.5365,14.3501,13.4659
88,1,-4.2360,-3.0450,1.3788,6.0678,7.8098,6.0982,3.5946,3.6787,7.3380,12.2569,14.9427,13.9342
89,2,-3.5950,-2.2863,2.1976,6.8330,8.4532,6.6565,4.1727,4.3502,8.0745,12.9514,15.5050,14.3713
90,3,-2.9481,-1.5253,3.0122,7.5876,9.0823,7.1999,4.7360,5.0045,8.7884,13.6169,16.0342,14.7746
91,4,-2.2989,-0.7656,3.8192,8.3282,9.6938,7.7252,5.2812,5.6384,9.4766,14.2505,16.5276,15.1416
92,5,-1.6506,-0.0105,4.6151,9.0514,10.2844,8.2293,5.8054,6.2491,10.1363,14.8496,16.9829,15.4703
93,6,-1.0066,0.7366,5.3966,9.7539,10.8511,8.7093,6.3057,6.8337,10.7646,15.4115,17.3975,15.7584
94,7,-0.3702,1.4721,6.1602,10.4325,11.3909,9.1624,6.7794,7.3894,11.3589,15.9337,17.7695,16.0042
95,8,0.2553,2.1930,6.9027,11.0841,11.9009,9.5858,7.2238,7.9138,11.9169,16.4142,18.0969,16.2059
96,1,0.8666,2.8958,7.6209,11.7057,12.3784,9.9770,7.6366,8.4045,12.4362,16.8509,18.3779,16.3622
97,2,19.4607,21.5775,26.3118,30.2945,30.8207,28.3336,26.0155,26.8592,30.9148,35.2418,36.6110,34.4718
98,3,2.0346,4.2351,8.9725,12.8478,13.2254,10.6535,8.3583,9.2759,13.3508,17.5855,18.7950,16.5338
99,4,2.5852,4.8657,9.6002,13.3630,13.5902,10.9344,8.6632,9.6529,13.7426,17.8805,18.9288,16.5472
100,5,3.1099,5.4665,10.1923,13.8378,13.9131,11.1747,8.9285,9.9886,14.0887,18.1256,19.0115,16.5117
101,6,3.6060,6.0350,10.7463,14.2699,14.1921,11.3725,9.1525,10.2815,14.3879,18.3200,19.0425,16.4269
102,7,4.0709,6.5688,11.2601,14.6575,14.4256,11.5266,9.3342,10.5304,14.6392,18.4628,19.0215,16.2927
103,8,4.5024,7.0655,11.7315,14.9986,14.6121,11.6356,9.4723,10.7346,14.8419,18.5537,18.9484,16.1093
104,1,4.8984,7.5233,12.1587,15.2917,14.7503,11.6986,9.5660,10.8931,14.9954,18.5924,18.8232,15.8772
105,2,5.2568,7.9402,12.5400,15.5356,14.8392,11.7148,9.6148,11.0056,15.0996,18.5790,18.6464,15.5969
106,3,5.5759,8.3145,12.8740,15.7289,14.8781,11.6837,9.6183,11.0718,15.1542,18.5136,18.4185,15.2695
107,4,5.8542,8.6449,13.1595,15.8710,14.8663,11.6048,9.5762,11.0918,15.1596,18.3969,18.1404,14.8959
108,5,6.0903,8.9301,13.3956,15.9610,14.8035,11.4783,9.4888,11.0657,15.1162,18.2296,17.8133,14.4777
109,6,6.2831,9.1693,13.5814,15.9987,14.6897,11.3042,9.3563,10.9940,15.0247,18.0126,17.4383,14.0162
110,7,6.4318,9.3616,13.7165,15.9837,14.5250,11.0830,9.1794,10.8774,14.8860,17.7472,17.0170,13.5134
111,8,6.5355,9.5065,13.8007,15.9163,14.3098,10.8153,8.9587,10.7170,14.7012,17.4348,16.5512,12.9712
112,1,6.5940,9.6037,13.8338,15.7967,14.0448,10.5020,8.6954,10.5137,14.4716,17.0770,16.0428,12.3918
113,2,6.6071,9.6534,13.8162,15.6255,13.7308,10.1441,8.3907,10.2691,14.1990,16.6757,15.4940,11.7775
114,3,6.5747,9.6555,13.7483,15.4034,13.3690,9.7432,8.0460,9.9846,13.8849,16.2330,14.9071,11.1309
115,4,6.4972,9.6107,13.6308,15.1315,12.9606,9.3006,7.6631,9.6621,13.5315,15.7510,14.2846,10.4548
116,5,6.3751,9.5195,13.4647,14.8110,12.5073,8.8182,7.2438,9.3036,13.1409,15.2323,13.6293,9.7519
117,6,6.2091,9.3830,13.2510,14.4435,12.0108,8.2979,6.7902,8.9112,12.7154,14.6794,12.9439,9.0252
118,7,6.0003,9.2021,12.9913,14.0307,11.4731,7.7419,6.3046,8.4873,12.2575,14.0951,12.2315,8.2779
119,8,5.7498,8.9784,12.6870,13.5743,10.8965,7.1525,5.7893,8.0344,11.7699,13.4822,11.4950,7.5132
120,1,5.4590,8.7132,12.3400,13.0767,10.2831,6.5324,5.2470,7.5551,11.2554,12.8438,10.7378,6.7344
121,2,5.1295,8.4086,11.9523,12.5399,9.6357,5.8840,4.6804,7.0523,10.7169,12.1829,9.9631,5.9448
122,3,4.7633,8.0663,11.5262,11.9666,8.9569,5.2104,4.0924,6.5288,10.1574,11.5028,9.1743,5.1479
123,4,4.3623,7.6885,11.0639,11.3593,8.2495,4.5143,3.4859,5.9876,9.5801,10.8068,8.3749,4.3472
124,5,3.9287,7.2777,10.5680,10.7209,7.5166,3.7990,2.8640,5.4319,8.9881,10.0981,7.5683,3.5462
125,6,3.4650,6.8362,10.0413,10.0543,6.7612,3.0676,2.2300,4.8648,8.3847,9.3804,6.7581,2.7485
126,7,2.9736,6.3667,9.4864,9.3625,5.9866,2.3234,1.5870,4.2896,7.7733,8.6569,5.9477,1.9574
127,8,2.4573,5.8721,8.9065,8.6486,5.1962,1.5697,0.9384,3.7096,7.1571,7.9311,5.1407,1.1766
128,1,1.9188,5.3551,8.3045,7.9161,4.3932,0.8099,0.2875,3.1280,6.5396,7.2065,4.3407,0.4094
129,2,1.3611,4.8188,7.6837,7.1681,3.5812,0.0476,-0.3623,2.5482,5.9240,6.4864,3.5510,-0.3407
130,3,0.7873,4.2664,7.0472,6.4082,2.7636,-0.7139,-1.0075,1.9736,5.3137,5.7744,2.7750,-1.0705
131,4,0.2004,3.7009,6.3984,5.6397,1.9440,-1.4711,-1.6450,1.4073,4.7120,5.0737,2.0162,-1.7767
132,5,-0.3963,3.1256,5.7405,4.8661,1.1259,-2.2204,-2.2712,0.8527,4.1221,4.3875,1.2777,-2.4561
133,6,-0.9995,2.5439,5.0771,4.0910,0.3129,-2.9584,-2.8829,0.3129,3.5472,3.7191,0.5627,-3.1059
134,7,-1.6059,1.9589,4.4115,3.3177,-0.4916,-3.6818,-3.4769,-0.2089,2.9904,3.0716,-0.1258,-3.7232
135,8,-2.2122,1.3742,3.7470,2.5499,-1.2841,-4.3871,-4.0499,-0.7097,2.4546,2.4479,-0.7848,-4.3051
136,1,-2.8151,0.7928,3.0871,1.7909,-2.0612,-5.0712,-4.5989,-1.1865,1.9428,1.8509,-1.4116,-4.8493
137,2,-3.4112,0.2183,2.4351,1.0441,-2.8195,-5.7307,-5.1210,-1.6366,1.4576,1.2832,-2.0037,-5.3532
138,3,-3.9972,-0.3463,1.7943,0.3128,-3.5558,-6.3627,-5.6131,-2.0573,1.0017,0.7474,-2.5586,-5.8148
139,4,-4.5698,-0.8976,1.1678,-0.3997,-4.2670,-6.9642,-6.0728,-2.4460,0.5775,0.2458,-3.0741,-6.2320
140,5,-5.1258,-1.4325,0.5589,-1.0904,-4.9500,-7.5324,-6.4973,-2.8004,0.1872,-0.2193,-3.5481,-6.6030
141,6,-5.6622,-1.9481,-0.0295,-1.7563,-5.6019,-8.0646,-6.8842,-3.1182,-0.1670,-0.6459,-3.9788,-6.9262
142,7,-6.1757,-2.4412,-0.5944,-2.3944,-6.2200,-8.5582,-7.2314,-3.3974,-0.4832,-1.0323,-4.3646,-7.2003
143,8,-6.6636,-2.9093,-1.1331,-3.0020,-6.8017,-9.0110,-7.5367,-3.6362,-0.7598,-1.3768,-4.7040,-7.4242
144,1,-7.1229,-3.3494,-1.6429,-3.5765,-7.3446,-9.4209,-7.7983,-3.8330,-0.9953,-1.6782,-4.9958,-7.5970
145,2,-7.5511,-3.7591,-2.1213,-4.1156,-7.8465,-9.7858,-8.0146,-3.9863,-1.1883,-1.9351,-5.2391,-7.7179
146,3,-7.9454,-4.1359,-2.5660,-4.6171,-8.3053,-10.1040,-8.1842,-4.0949,-1.3378,-2.1468,-5.4333,-7.7866
147,4,-8.3036,-4.4778,-2.9749,-5.0788,-8.7193,-10.3740,-8.3057,-4.1579,-1.4430,-2.3124,-5.5777,-7.8030
148,5,-8.6234,-4.7825,-3.3460,-5.4990,-9.0867,-10.5945,-8.3783,-4.1745,-1.5034,-2.4317,-5.6722,-7.7670
149,6,-8.9029,-5.0482,-3.6776,-5.8760,-9.4062,-10.7644,-8.4011,-4.1441,-1.5184,-2.5042,-5.7167,-7.6791
150,7,-9.1401,-5.2733,-3.9681,-6.2085,-9.6766,-10.8829,-8.3736,-4.0666,-1.4881,-2.5301,-5.7115,-7.5396
151,8,-9.3335,-5.4564,-4.2162,-6.4952,-9.8970,-10.9493,-8.2956,-3.9419,-1.4124,-2.5096,-5.6570,-7.3495
152,1,-9.4817,-5.5962,-4.4208,-6.7352,-10.0667,-10.9633,-8.1670,-3.7701,-1.2919,-2.4432,-5.5541,-7.1098
153,2,-9.5833,-5.6917,-4.5810,-6.9278,-10.1852,-10.9248,-7.9880,-3.5516,-1.1269,-2.3316,-5.4035,-6.8216
154,3,-9.6376,-5.7421,-4.6962,-7.0724,-10.2523,-10.8338,-7.7590,-3.2873,-0.9184,-2.1758,-5.2066,-6.4866
155,4,-9.6436,-5.7469,-4.7659,-7.1690,-10.2681,-10.6908,-7.4808,-2.9779,-0.6675,-1.9769,-4.9646,-6.1063
156,5,-9.6010,-5.7057,-4.7901,-7.2174,-10.2327,-10.4962,-7.1541,-2.6246,-0.3752,-1.7364,-4.6792,-5.6826
157,6,-9.5094,-5.6185,-4.7686,-7.2178,-10.1468,-10.2511,-6.7803,-2.2287,-0.0432,-1.4558,-4.3523,-5.2178
158,7,-9.3688,-5.4855,-4.7019,-7.1709,-10.0109,-9.9564,-6.3606,-1.7918,0.3269,-1.1370,-3.9857,-4.7140
159,8,-9.1795,-5.3070,-4.5905,-7.0772,-9.8262,-9.6134,-5.8967,-1.3158,0.7331,-0.7819,-3.5818,-4.1737
160,1,-8.9418,-5.0837,-4.4351,-6.9377,-9.5938,-9.2237,-5.3903,-0.8025,1.1735,-0.3928,-3.1428,-3.5995
161,2,-8.6564,-4.8165,-4.2367,-6.7535,-9.3151,-8.7890,-4.8435,-0.2542,1.6458,0.0281,-2.6713,-2.9942
162,3,-8.3244,-4.5063,-3.9966,-6.5261,-8.9918,-8.3113,-4.2584,0.3269,2.1474,0.4781,-2.1700,-2.3608
163,4,-7.9468,-4.1547,-3.7162,-6.2570,-8.6257,-7.7927,-3.6375,0.9380,2.6759,0.9546,-1.6418,-1.7022
164,5,-7.5249,-3.7629,-3.3970,-5.9481,-8.2189,-7.2355,-2.9834,1.5767,3.2285,1.4549,-1.0895,-1.0216
165,6,-7.0605,-3.3330,-3.0410,-5.6013,-7.7736,-6.6422,-2.2987,2.2399,3.8023,1.9760,-0.5161,-0.3223
166,7,-6.5553,-2.8667,-2.6502,-5.2188,-7.2922,-6.0156,-1.5863,2.9249,4.3944,2.5149,0.0750,0.3925
167,8,-6.0113,-2.3661,-2.2269,-4.8029,-6.7773,-5.3583,-0.8492,3.6284,5.0016,3.0684,0.6808,1.1194
168,1,-5.4307,-1.8337,-1.7733,-4.3562,-6.2315,-4.6735,-0.0906,4.3474,5.6208,3.6335,1.2980,1.8549
169,2,-4.8159,-1.2719,-1.2920,-3.8814,-5.6578,-3.9642,0.6862,5.0784,6.2488,4.2068,1.9231,2.5955
170,3,-4.1695,-0.6834,-0.7858,-3.3811,-5.0592,-3.2335,1.4781,5.8182,6.8822,4.7850,2.5530,3.3379
171,4,-3.4941,-0.0708,-0.2574,-2.8584,-4.4387,-2.4847,2.2815,6.5635,7.5177,5.3649,3.1841,4.0786
172,5,-2.7927,0.5628,0.2901,-2.3163,-3.7995,-1.7213,3.0930,7.3106,8.1519,5.9431,3.8132,4.8140
173,6,-2.0683,1.2144,0.8538,-1.7578,-3.1448,-0.9466,3.9092,8.0562,8.7815,6.5163,4.4369,5.5409
174,7,-1.3239,1.8808,1.4306,-1.1862,-2.4781,-0.1641,4.7264,8.7969,9.4031,7.0813,5.0520,6.2559
175,8,-0.5629,2.5589,2.0171,-0.6047,-1.8027,0.6227,5.5412,9.5291,10.0134,7.6348,5.6551,6.9557
176,1,0.2116,3.2454,2.6102,-0.0166,-1.1219,1.4102,6.3500,10.2494,10.6091,8.1735,6.2431,7.6371
177,2,0.9961,3.9369,3.2066,0.5747,-0.4392,2.1951,7.1493,10.9544,11.1870,8.6944,6.8129,8.2970
178,3,1.7871,4.6299,3.8028,1.1660,0.2419,2.9738,7.9358,11.6408,11.7438,9.1945,7.3615,8.9325
179,4,2.5813,5.3212,4.3957,1.7539,0.9183,3.7429,8.7058,12.3054,12.2767,9.6708,7.8861,9.5407
180,5,3.3750,6.0072,4.9818,2.3351,1.5864,4.4989,9.4563,12.9450,12.7825,10.1205,8.3839,10.1190
181,6,4.1648,6.6846,5.5578,2.9064,2.2429,5.2387,10.1838,13.5566,13.2585,10.5410,8.8523,10.6648
182,7,4.9471,7.3499,6.1206,3.4645,2.8848,5.9589,10.8854,14.1372,13.7020,10.9298,9.2890,11.1757
183,8,5.7186,7.9999,6.6669,4.0063,3.5088,6.6565,11.5579,14.6840,14.1105,11.2844,9.6916,11.6496
184,1,6.4757,8.6312,7.1935,4.5288,4.1119,7.3284,12.1986,15.1945,14.4816,11.6027,10.0580,12.0845
185,2,7.2151,9.2408,7.6976,5.0291,4.6911,7.9718,12.8046,15.6661,14.8130,11.8827,10.3864,12.4786
186,3,7.9335,9.8254,8.1760,5.5042,5.2438,8.5839,13.3735,16.0966,15.1027,12.1226,10.6751,12.8303
187,4,8.6276,10.3820,8.6261,5.9516,5.7672,9.1623,13.9029,16.4838,15.3490,12.3208,10.9226,13.1383
188,5,9.2945,10.9079,9.0451,6.3686,6.2589,9.7044,14.3905,16.8258,15.5502,12.4758,11.1276,13.4014
189,6,9.9311,11.4002,9.4306,6.7529,6.7166,10.2082,14.8344,17.1209,15.7048,12.5864,11.2891,13.6187
190,7,10.5345,11.8563,9.7801,7.1023,7.1381,10.6715,15.2328,17.3677,15.8118,12.6518,11.4062,13.7895
191,8,11.1022,12.2740,10.0916,7.4148,7.5215,11.0926,15.5840,17.5649,15.8702,12.6712,11.4784,13.9134
192,1,11.6316,12.6508,10.3629,7.6884,7.8651,11.4698,15.8868,17.7114,15.8792,12.6441,11.5054,13.9903
193,2,12.1203,12.9847,10.5924,7.9216,8.1672,11.8018,16.1400,17.8065,15.8384,12.5702,11.4869,14.0200
194,3,30.5661,31.2740,28.7783,26.1129,26.4267,30.0875,34.3427,35.8495,33.7475,30.4495,29.4232,32.0030
195,4,12.9672,13.5169,10.9193,8.2611,8.6424,12.3258,16.4942,17.8401,15.6064,12.2822,11.3146,13.9397
196,5,13.3217,13.7119,11.0143,8.3652,8.8134,12.5162,16.5942,17.7784,15.4155,12.0689,11.1617,13.8309
197,6,13.6281,13.8579,11.0622,8.4245,8.9392,12.6581,16.6423,17.6643,15.1752,11.8100,10.9653,13.6775
198,7,13.8851,13.9539,11.0624,8.4383,9.0192,12.7513,16.6388,17.4984,14.8863,11.5067,10.7265,13.4807
199,8,14.0916,13.9992,11.0144,8.4065,9.0534,12.7959,16.5839,17.2813,14.5495,11.1599,10.4465,13.2420
200,1,14.2468,13.9931,10.9180,8.3290,9.0419,12.7921,16.4781,17.0138,14.1662,10.7712,10.1268,12.9629
201,2,14.3499,13.9354,10.7730,8.2058,8.9849,12.7404,16.3223,16.6970,13.7378,10.3421,9.7692,12.6453
202,3,14.4007,13.8261,10.5799,8.0376,8.8829,12.6415,16.1173,16.3324,13.2658,9.8743,9.3755,12.2913
203,4,14.3991,13.6654,10.3390,7.8248,8.7369,12.4964,15.8646,15.9215,12.7521,9.3699,8.9477,11.9029
204,5,14.3450,13.4537,10.0511,7.5683,8.5477,12.3064,15.5655,15.4660,12.1988,8.8311,8.4883,11.4827
205,6,14.2389,13.1917,9.7171,7.2694,8.3166,12.0727,15.2218,14.9680,11.6080,8.2602,7.9995,11.0331
206,7,14.0814,12.8804,9.3382,6.9292,8.0450,11.7971,14.8353,14.4296,10.9822,7.6597,7.4841,10.5567
207,8,13.8733,12.5208,8.9158,6.5494,7.7346,11.4813,14.4080,13.8532,10.3240,7.0324,6.9447,10.0565
208,1,13.6156,12.1145,8.4515,6.1316,7.3873,11.1274,13.9424,13.2413,9.6361,6.3812,6.3842,9.5353
209,2,13.3096,11.6629,7.9471,5.6780,7.0051,10.7375,13.4407,12.5967,8.9213,5.7088,5.8056,8.9961
210,3,12.9569,11.1679,7.4046,5.1905,6.5902,10.3140,12.9056,11.9221,8.1828,5.0186,5.2120,8.4422
211,4,12.5592,10.6315,6.8264,4.6715,6.1450,9.8596,12.3399,11.2206,7.4237,4.3135,4.6065,7.8766
212,5,12.1183,10.0559,6.2147,4.1235,5.6721,9.3768,11.7464,10.4953,6.6472,3.5970,3.9923,7.3027
213,6,11.6366,9.4436,5.5722,3.5491,5.1742,8.8684,11.1282,9.7494,5.8566,2.8722,3.3729,6.7236
214,7,11.1161,8.7970,4.9016,2.9512,4.6540,8.3375,10.4884,8.9862,5.0554,2.1428,2.7515,6.1428
215,8,10.5595,8.1190,4.2057,2.3326,4.1146,7.7870,9.8302,8.2091,4.2470,1.4119,2.1314,5.5636
216,1,9.9695,7.4124,3.4876,1.6964,3.5590,7.2200,9.1568,7.4216,3.4350,0.6832,1.5160,4.9892
217,2,9.3487,6.6803,2.7504,1.0457,2.9904,6.6399,8.4717,6.6270,2.6227,-0.0399,0.9087,4.4230
218,3,8.7001,5.9257,1.9973,0.3838,2.4118,6.0498,7.7782,5.8290,1.8139,-0.7540,0.3127,3.8681
219,4,8.0269,5.1519,1.2317,-0.2861,1.8267,5.4530,7.0797,5.0310,1.0119,-1.4558,-0.2686,3.3278
220,5,7.3321,4.3623,0.4569,-0.9607,1.2382,4.8529,6.3797,4.2365,0.2203,-2.1417,-0.8320,2.8053
221,6,6.6191,3.5602,-0.3237,-1.6365,0.6498,4.2528,5.6816,3.4490,-0.5575,-2.8086,-1.3745,2.3034
222,7,5.8911,2.7491,-1.1065,-2.3101,0.0647,3.6561,4.9887,2.6721,-1.3181,-3.4531,-1.8930,1.8251
223,8,5.1516,1.9326,-1.8882,-2.9782,-0.5137,3.0660,4.3045,1.9089,-2.0581,-4.0723,-2.3845,1.3732
224,1,4.4040,1.1141,-2.6650,-3.6373,-1.0822,2.4858,3.6322,1.1630,-2.7745,-4.6629,-2.8464,0.9503
225,2,3.6518,0.2972,-3.4337,-4.2841,-1.6374,1.9188,2.9750,0.4374,-3.4640,-5.2223,-3.2758,0.5591
226,3,2.8984,-0.5147,-4.1907,-4.9153,-2.1763,1.3680,2.3362,-0.2647,-4.1237,-5.7475,-3.6702,0.2017
227,4,2.1473,-1.3179,-4.9326,-5.5276,-2.6958,0.8364,1.7187,-0.9404,-4.7507,-6.2361,-4.0275,-0.1196
228,5,1.4020,-2.1091,-5.6561,-6.1178,-3.1927,0.3271,1.1254,-1.5867,-5.3424,-6.6855,-4.3453,-0.4028
229,6,0.6658,-2.8848,-6.3578,-6.6830,-3.6642,-0.1571,0.5591,-2.2009,-5.8963,-7.0936,-4.6216,-0.6461
230,7,-0.0578,-3.6417,-7.0346,-7.2200,-4.1075,-0.6136,0.0225,-2.7806,-6.4099,-7.4582,-4.8547,-0.8480
231,8,-0.7657,-4.3767,-7.6835,-7.7261,-4.5200,-1.0399,-0.4819,-3.3232,-6.8811,-7.7775,-5.0431,-1.0070
232,1,-1.4546,-5.0865,-8.3015,-8.1985,-4.8992,-1.4335,-0.9519,-3.8268,-7.3080,-8.0498,-5.1852,-1.1220
233,2,-2.1215,-5.7682,-8.8858,-8.6348,-5.2426,-1.7922,-1.3853,-4.2891,-7.6887,-8.2736,-5.2801,-1.1920
234,3,-2.7634,-6.4189,-9.4337,-9.0324,-5.5483,-2.1141,-1.7802,-4.7085,-8.0218,-8.4479,-5.3266,-1.2164
235,4,-3.3774,-7.0360,-9.9427,-9.3893,-5.8141,-2.3972,-2.1349,-5.0834,-8.3060,-8.5714,-5.3243,-1.1946
236,5,-3.9609,-7.6167,-10.4106,-9.7034,-6.0384,-2.6400,-2.4478,-5.4125,-8.5400,-8.6436,-5.2726,-1.1265
237,6,-4.5115,-8.1589,-10.8352,-9.9728,-6.2194,-2.8410,-2.7177,-5.6945,-8.7232,-8.6638,-5.1712,-1.0119
238,7,-5.0266,-8.6603,-11.2146,-10.1959,-6.3560,-2.9991,-2.9434,-5.9286,-8.8547,-8.6318,-5.0203,-0.8512
239,8,-5.5042,-9.1188,-11.5470,-10.3714,-6.4468,-3.1132,-3.1241,-6.1141,-8.9344,-8.5476,-4.8200,-0.6449
240,1,-5.9423,-9.5328,-11.8311,-10.4981,-6.4911,-3.1827,-3.2592,-6.2505,-8.9620,-8.4113,-4.5710,-0.3935
241,2,-6.3391,-9.9006,-12.0654,-10.5749,-6.4881,-3.2069,-3.3483,-6.3378,-8.9376,-8.2235,-4.2738,-0.0980
242,3,-6.6930,-10.2208,-12.2489,-10.6013,-6.4373,-3.1856,-3.3913,-6.3759,-8.8616,-7.9847,-3.9296,0.2403
243,4,-7.0028,-10.4925,-12.3809,-10.5766,-6.3386,-3.1188,-3.3882,-6.3652,-8.7346,-7.6960,-3.5395,0.6201
244,5,-7.2673,-10.7146,-12.4608,-10.5008,-6.1920,-3.0066,-3.3394,-6.3061,-8.5573,-7.3584,-3.1050,1.0398
245,6,-7.4856,-10.8865,-12.4882,-10.3736,-5.9976,-2.8495,-3.2455,-6.1995,-8.3309,-6.9734,-2.6276,1.4976
246,7,-7.6570,-11.0077,-12.4630,-10.1956,-5.7562,-2.6482,-3.1071,-6.0463,-8.0567,-6.5425,-2.1093,1.9915
247,8,-7.7812,-11.0783,-12.3854,-9.9670,-5.4682,-2.4034,-2.9255,-5.8477,-7.7361,-6.0677,-1.5521,2.5194
248,1,-7.8580,-11.0980,-12.2558,-9.6886,-5.1348,-2.1164,-2.7017,-5.6052,-7.3708,-5.5508,-0.9582,3.0787
249,2,-7.8874,-11.0674,-12.0748,-9.3614,-4.7572,-1.7884,-2.4373,-5.3204,-6.9628,-4.9941,-0.3302,3.6670
250,3,-7.8697,-10.9869,-11.8433,-8.9866,-4.3367,-1.4211,-2.1339,-4.9952,-6.5142,-4.4001,0.3294,4.2816
251,4,-7.8055,-10.8574,-11.5624,-8.5656,-3.8749,-1.0162,-1.7934,-4.6316,-6.0273,-3.7713,1.0179,4.9196
252,5,-7.6955,-10.6797,-11.2334,-8.1000,-3.3738,-0.5756,-1.4178,-4.2319,-5.5046,-3.1103,1.7323,5.5781
253,6,-7.5408,-10.4552,-10.8578,-7.5917,-2.8354,-0.1015,-1.0094,-3.7984,-4.9487,-2.4202,2.4696,6.2540
254,7,-7.3425,-10.1854,-10.4376,-7.0428,-2.2619,0.4037,-0.5706,-3.3337,-4.3624,-1.7039,3.2266,6.9441
255,8,-7.1020,-9.8718,-9.9745,-6.4554,-1.6557,0.9377,-0.1040,-2.8405,-3.7487,-0.9646,4.0001,7.6452
256,1,-6.8211,-9.5165,-9.4708,-5.8320,-1.0194,1.4977,0.3877,-2.3216,-3.1104,-0.2054,4.7868,8.3538
257,2,-6.5016,-9.1214,-8.9289,-5.1752,-0.3558,2.0809,0.9018,-1.7801,-2.4510,0.5702,5.5832,9.0667
258,3,-6.1455,-8.6887,-8.3512,-4.4877,0.3323,2.6845,1.4352,-1.2189,-1.7734,1.3589,6.3859,9.7805
259,4,-5.7550,-8.2211,-7.7405,-3.7726,1.0418,3.3053,1.9849,-0.6412,-1.0811,2.1573,7.1913,10.4916
260,5,-5.3325,-7.7209,-7.0996,-3.0327,1.7697,3.9404,2.5478,-0.0502,-0.3774,2.9617,7.9961,11.1966
261,6,-4.8806,-7.1910,-6.4314,-2.2713,2.5127,4.5864,3.1206,0.5508,0.3342,3.7688,8.7965,11.8922
262,7,-4.4020,-6.6342,-5.7391,-1.4916,3.2674,5.2400,3.7002,1.1584,1.0504,4.5750,9.5892,12.5749
263,8,-3.8994,-6.0535,-5.0258,-0.6970,4.0306,5.8980,4.2831,1.7694,1.7676,5.3768,10.3706,13.2414
264,1,-3.3759,-5.4521,-4.2949,0.1092,4.7987,6.5569,4.8661,2.3804,2.4825,6.1706,11.1374,13.8884
265,2,-2.8344,-4.8330,-3.5496,0.9234,5.5684,7.2135,5.4458,2.9880,3.1917,6.9532,11.8861,14.5127
266,3,-2.2782,-4.1996,-2.7935,1.7422,6.3360,7.8642,6.0190,3.5890,3.8917,7.7209,12.6135,15.1112
267,4,-1.7103,-3.5552,-2.0299,2.5619,7.0982,8.5057,6.5824,4.1800,4.5793,8.4707,13.3163,15.6809
268,5,-1.1342,-2.9031,-1.2624,3.3792,7.8515,9.1348,7.1327,4.7579,5.2513,9.1992,13.9916,16.2191
269,6,-0.5529,-2.2467,-0.4943,4.1904,8.5924,9.7480,7.6667,5.3196,5.9045,9.9033,14.6363,16.7228
270,7,0.0301,-1.5894,0.2707,4.9920,9.3175,10.3421,8.1815,5.8619,6.5358,10.5801,15.2476,17.1897
271,8,0.6114,-0.9345,1.0292,5.7807,10.0234,10.9141,8.6738,6.3820,7.1424,11.2268,15.8229,17.6172
272,1,1.1879,-0.2855,1.7779,6.5530,10.7071,11.4608,9.1410,6.8770,7.7214,11.8406,16.3596,18.0033
273,2,1.7562,0.3544,2.5134,7.3056,11.3652,11.9794,9.5801,7.3443,8.2703,12.4189,16.8555,18.3457
274,3,2.3130,0.9818,3.2323,8.0354,11.9948,12.4669,9.9887,7.7813,8.7865,12.9596,17.3084,18.6428
275,4,2.8553,1.5938,3.9316,8.7391,12.5929,12.9208,10.3641,8.1857,9.2678,13.4603,17.7164,18.8928
276,5,3.3798,2.1870,4.6081,9.4138,13.1567,13.3385,10.7041,8.5552,9.7121,13.9190,18.0778,19.0944
277,6,3.8837,2.7586,5.2589,10.0567,13.6838,13.7176,11.0066,8.8879,10.1174,14.3342,18.3910,19.2464
278,7,4.3639,3.3057,5.8812,10.6651,14.1715,14.0560,11.2695,9.1818,10.4819,14.7041,18.6548,19.3479
279,8,4.8177,3.8256,6.4722,11.2365,14.6176,14.3517,11.4911,9.4355,10.8043,15.0274,18.8682,19.3981
280,1,5.2425,4.3157,7.0296,11.7684,15.0200,14.6029,11.6700,9.6475,11.0832,15.3032,19.0302,19.3965
281,2,5.6357,4.7736,7.5509,12.2588,15.3770,14.8080,11.8046,9.8165,11.3175,15.5303,19.1404,19.3429
282,3,5.9951,5.1969,8.0339,12.7057,15.6866,14.9656,11.8940,9.9417,11.5065,15.7083,19.1984,19.2374
283,4,6.3185,5.5838,8.4768,13.1073,15.9476,15.0747,11.9371,10.0223,11.6494,15.8368,19.2041,19.0802
284,5,6.6038,5.9322,8.8778,13.4621,16.1587,15.1343,11.9335,10.0578,11.7460,15.9155,19.1576,18.8716
285,6,6.8494,6.2406,9.2354,13.7688,16.3188,15.1437,11.8825,10.0479,11.7961,15.9445,19.0593,18.6126
286,7,7.0536,6.5074,9.5481,14.0263,16.4273,15.1025,11.7841,9.9925,11.7998,15.9243,18.9100,18.3041
287,8,7.2152,6.7314,9.8150,14.2336,16.4835,15.0104,11.6382,9.8920,11.7574,15.8553,18.7103,17.9471
288,1,7.3328,6.9117,10.0351,14.3903,16.4872,14.8676,11.4452,9.7467,11.6696,15.7383,18.4615,17.5433
289,2,7.4057,7.0473,10.2079,14.4959,16.4384,14.6743,11.2056,9.5573,11.5371,15.5744,18.1649,17.0941
290,3,7.4331,7.1379,10.3329,14.5502,16.3372,14.4310,10.9201,9.3247,11.3611,15.3647,17.8219,16.6016
291,4,25.4145,25.1829,28.4100,32.5535,34.1840,32.1384,28.5897,27.0500,29.1426,33.1109,35.4344,34.0676
292,5,7.3499,7.1825,10.4392,14.5060,15.9797,13.7977,10.2157,8.7346,10.8833,14.8145,17.0043,15.4945
293,6,7.2390,7.1367,10.4209,14.4083,15.7249,13.4100,9.7994,8.3800,10.5848,14.4774,16.5339,14.8848
294,7,7.0823,7.0458,10.3557,14.2612,15.4210,12.9767,9.3426,7.9880,10.2490,14.1018,16.0253,14.2409
295,8,6.8802,6.9106,10.2443,14.0658,15.0693,12.4995,8.8471,7.5607,9.8780,13.6897,15.4812,13.5657
296,1,6.6334,6.7319,10.0877,13.8234,14.6714,11.9803,8.3149,7.1000,9.4739,13.2438,14.9041,12.8621
297,2,6.3429,6.5107,9.8873,13.5354,14.2291,11.4213,7.7483,6.6084,9.0393,12.7666,14.2970,12.1331
298,3,6.0099,6.2484,9.6444,13.2036,13.7444,10.8245,7.1497,6.0884,8.5767,12.2607,13.6628,11.3819
299,4,5.6357,5.9465,9.3607,12.8299,13.2195,10.1926,6.5218,5.5425,8.0888,11.7291,13.0045,10.6117
300,5,5.2220,5.6067,9.0381,12.4164,12.6568,9.5281,5.8672,4.9737,7.5785,11.1748,12.3253,9.8258
301,6,4.7706,5.2309,8.6786,11.9653,12.0589,8.8338,5.1889,4.3848,7.0487,10.6007,11.6286,9.0278
302,7,4.2836,4.8212,8.2846,11.4792,11.4285,8.1127,4.4899,3.7788,6.5025,10.0101,10.9175,8.2210
303,8,3.7630,4.3799,7.8583,10.9606,10.7684,7.3677,3.7732,3.1589,5.9429,9.4063,10.1955,7.4090
304,1,3.2114,3.9095,7.4024,10.4124,10.0816,6.6022,3.0422,2.5283,5.3734,8.7925,9.4661,6.5953
305,2,2.6312,3.4126,6.9196,9.8374,9.3714,5.8192,2.3002,1.8902,4.7970,8.1720,8.7326,5.7833
306,3,2.0252,2.8919,6.4127,9.2386,8.6408,5.0222,1.5504,1.2480,4.2171,7.5482,7.9986,4.9767
307,4,1.3962,2.3502,5.8846,8.6192,7.8932,4.2147,0.7964,0.6051,3.6370,6.9245,7.2675,4.1790
308,5,0.7472,1.7907,5.3385,7.9824,7.1320,3.4000,0.0415,-0.0353,3.0600,6.3042,6.5427,3.3935
309,6,0.0813,1.2163,4.7775,7.3313,6.3606,2.5817,-0.7106,-0.6696,2.4895,5.6906,5.8276,2.6236
310,7,-0.5984,0.6302,4.2047,6.6695,5.5825,1.7634,-1.4567,-1.2947,1.9287,5.0870,5.1255,1.8726
311,8,-1.2885,0.0357,3.6235,6.0003,4.8011,0.9485,-2.1931,-1.9070,1.3808,4.4966,4.4396,1.1438
312,1,-1.9859,-0.5640,3.0371,5.3269,4.0201,0.1406,-2.9165,-2.5034,0.8490,3.9226,3.7730,0.4403
313,2,-2.6870,-1.1655,2.4489,4.6530,3.2428,-0.6568,-3.6235,-3.0807,0.3364,3.3679,3.1289,-0.2351
314,3,-3.3885,-1.7654,1.8622,3.9818,2.4728,-1.4403,-4.3109,-3.6357,-0.1540,2.8356,2.5101,-0.8795
315,4,-4.0869,-2.3606,1.2804,3.3167,1.7134,-2.2066,-4.9752,-4.1655,-0.6194,2.3284,1.9195,-1.4901
316,5,-4.7789,-2.9476,0.7066,2.6610,0.9679,-2.9522,-5.6136,-4.6670,-1.0570,1.8491,1.3595,-2.0646
317,6,-5.4609,-3.5231,0.1441,2.0181,0.2398,-3.6741,-6.2229,-5.1375,-1.4641,1.4001,0.8328,-2.6005
318,7,-6.1297,-4.0840,-0.4038,1.3910,-0.4679,-4.3691,-6.8002,-5.5744,-1.8384,0.9838,0.3415,-3.0957
319,8,-6.7819,-4.6269,-0.9342,0.7829,-1.1520,-5.0343,-7.3429,-5.9751,-2.1776,0.6024,-0.1122,-3.5482
320,1,-7.4143,-5.1490,-1.4439,0.1967,-1.8097,-5.6668,-7.8483,-6.3374,-2.4794,0.2579,-0.5263,-3.9564
321,2,-8.0237,-5.6470,-1.9301,-0.3646,-2.4381,-6.2641,-8.3140,-6.6592,-2.7420,-0.0479,-0.8993,-4.3187
322,3,-8.6069,-6.1182,-2.3901,-0.8984,-3.0345,-6.8235,-8.7378,-6.9383,-2.9636,-0.3133,-1.2295,-4.6337
323,4,-9.1611,-6.5599,-2.8211,-1.4021,-3.5965,-7.3428,-9.1176,-7.1732,-3.1427,-0.5370,-1.5158,-4.9005
324,5,-9.6835,-6.9693,-3.2207,-1.8732,-4.1217,-7.8198,-9.4516,-7.3622,-3.2780,-0.7178,-1.7570,-5.1181
325,6,-10.1712,-7.3440,-3.5866,-2.3096,-4.6080,-8.2526,-9.7381,-7.5041,-3.3683,-0.8547,-1.9524,-5.2860
326,7,-10.6218,-7.6818,-3.9167,-2.7092,-5.0534,-8.6395,-9.9758,-7.5976,-3.4129,-0.9471,-2.1013,-5.4038
327,8,-11.0330,-7.9804,-4.2089,-3.0700,-5.4562,-8.9790,-10.1635,-7.6421,-3.4110,-0.9943,-2.2034,-5.4714
328,1,-11.4025,-8.2380,-4.4615,-3.3905,-5.8150,-9.2698,-10.3001,-7.6367,-3.3623,-0.9962,-2.2587,-5.4889
329,2,-11.7283,-8.4529,-4.6730,-3.6692,-6.1283,-9.5108,-10.3850,-7.5811,-3.2665,-0.9528,-2.2672,-5.4566
330,3,-12.0086,-8.6234,-4.8419,-3.9049,-6.3951,-9.7013,-10.4177,-7.4751,-3.1238,-0.8642,-2.2292,-5.3751
331,4,-12.2419,-8.7483,-4.9673,-4.0965,-6.6147,-9.8406,-10.3979,-7.3189,-2.9344,-0.7309,-2.1455,-5.2453
332,5,-12.4268,-8.8266,-5.0480,-4.2433,-6.7862,-9.9284,-10.3256,-7.1127,-2.6990,-0.5536,-2.0168,-5.0682
333,6,-12.5622,-8.8572,-5.0836,-4.3448,-6.9095,-9.9646,-10.2011,-6.8570,-2.4182,-0.3332,-1.8441,-4.8452
334,7,-12.6470,-8.8397,-5.0735,-4.4006,-6.9844,-9.9493,-10.0248,-6.5528,-2.0930,-0.0709,-1.6289,-4.5776
335,8,-12.6807,-8.7736,-5.0176,-4.4107,-7.0109,-9.8829,-9.7975,-6.2009,-1.7248,0.2321,-1.3724,-4.2673
336,1,-12.6629,-8.6588,-4.9158,-4.3753,-6.9894,-9.7662,-9.5202,-5.8027,-1.3150,0.5740,-1.0766,-3.9161
337,2,-12.5932,-8.4953,-4.7685,-4.2946,-6.9206,-9.5998,-9.1940,-5.3597,-0.8651,0.9533,-0.7431,-3.5261
338,3,-12.4718,-8.2834,-4.5761,-4.1695,-6.8052,-9.3849,-8.8203,-4.8735,-0.3772,1.3678,-0.3742,-3.0996
339,4,-12.2989,-8.0238,-4.3394,-4.0007,-6.6442,-9.1229,-8.4008,-4.3460,0.1467,1.8154,0.0279,-2.6391
340,5,-12.0750,-7.7172,-4.0593,-3.7894,-6.4390,-8.8152,-7.9373,-3.7794,0.7044,2.2938,0.4607,-2.1472
341,6,-11.8011,-7.3647,-3.7371,-3.5368,-6.1910,-8.4636,-7.4319,-3.1760,1.2934,2.8004,0.9218,-1.6266
342,7,-11.4779,-6.9675,-3.3741,-3.2445,-5.9019,-8.0700,-6.8868,-2.5382,1.9112,3.3327,1.4082,-1.0803
343,8,-11.1068,-6.5271,-2.9720,-2.9142,-5.5737,-7.6367,-6.3045,-1.8686,2.5549,3.8878,1.9173,-0.5111
344,1,-10.6892,-6.0452,-2.5326,-2.5479,-5.2083,-7.1658,-5.6875,-1.1702,3.2217,4.4628,2.4460,0.0777
345,2,-10.2268,-5.5236,-2.0580,-2.1476,-4.8080,-6.6600,-5.0386,-0.4457,3.9086,5.0548,2.9913,0.6830
346,3,-9.7215,-4.9646,-1.5503,-1.7157,-4.3754,-6.1219,-4.3606,0.3017,4.6124,5.6604,3.5500,1.3015
347,4,-9.1754,-4.3703,-1.0119,-1.2546,-3.9129,-5.5542,-3.6567,1.0687,5.3299,6.2767,4.1188,1.9299
348,5,-8.5907,-3.7434,-0.4455,-0.7669,-3.4233,-4.9599,-2.9300,1.8523,6.0578,6.9002,4.6946,2.5649
349,6,-7.9700,-3.0863,0.1464,-0.2554,-2.9095,-4.3420,-2.1836,2.6489,6.7927,7.5277,5.2741,3.2031
350,7,-7.3157,-2.4018,0.7608,0.2771,-2.3744,-3.7037,-1.4210,3.4552,7.5313,8.1558,5.8538,3.8411
351,8,-6.6308,-1.6930,1.3947,0.8275,-1.8211,-3.0482,-0.6455,4.2677,8.2701,8.7813,6.4306,4.4756
352,1,-5.9182,-0.9629,2.0452,1.3927,-1.2528,-2.3789,0.1394,5.0828,9.0056,9.4006,7.0010,5.1033
353,2,-5.1808,-0.2146,2.7090,1.9697,-0.6726,-1.6990,0.9303,5.8970,9.7343,10.0105,7.5619,5.7208
354,3,-4.4219,0.5486,3.3828,2.5551,-0.0839,-1.0119,1.7235,6.7069,10.4529,10.6076,8.1099,6.3249
355,4,-3.6448,1.3234,4.0635,3.1457,0.5100,-0.3212,2.5157,7.5089,11.1578,11.1888,8.6420,6.9126
356,5,-2.8529,2.1063,4.7474,3.7382,1.1058,0.3698,3.3033,8.2994,11.8459,11.7508,9.1551,7.4807
357,6,-2.0494,2.8940,5.4314,4.3293,1.7002,1.0578,4.0829,9.0752,12.5137,12.2905,9.6462,8.0263
358,7,-1.2380,3.6828,6.1119,4.9155,2.2899,1.7393,4.8509,9.8328,13.1581,12.8049,10.1123,8.5467
359,8,-0.4221,4.4693,6.7856,5.4937,2.8715,2.4109,5.6042,10.5689,13.7760,13.2911,10.5509,9.0391
360,1,0.3948,5.2500,7.4491,6.0605,3.4418,3.0695,6.3393,11.2804,14.3644,13.7465,10.9593,9.5010
361,2,1.2090,6.0214,8.0990,6.6127,3.9977,3.7118,7.0532,11.9643,14.9204,14.1683,11.3350,9.9300
362,3,2.0171,6.7801,8.7320,7.1471,4.5360,4.3348,7.7428,12.6174,15.4414,14.5540,11.6757,10.3240
363,4,2.8157,7.5226,9.3449,7.6607,5.0538,4.9354,8.4050,13.2372,15.9248,14.9015,11.9794,10.6810
364,5,3.6012,8.2457,9.9345,8.1505,5.5481,5.5108,9.0372,13.8209,16.3683,15.2086,12.2441,10.9991
365,6,4.3703,8.9460,10.4979,8.6136,6.0162,6.0582,9.6366,14.3660,16.7695,15.4734,12.4681,11.2769
366,7,5.1198,9.6204,11.0319,9.0473,6.4555,6.5752,10.2008,14.8703,17.1266,15.6941,12.6499,11.5127
367,8,5.8463,10.2660,11.5340,9.4489,6.8635,7.0593,10.7275,15.3317,17.4377,15.8692,12.7882,11.7056
368,1,6.5469,10.8797,12.0013,9.8162,7.2378,7.5082,11.2146,15.7483,17.7011,15.9975,12.8819,11.8546
369,2,7.2186,11.4589,12.4315,10.1466,7.5764,7.9199,11.6600,16.1184,17.9157,16.0778,12.9302,11.9589
370,3,7.8586,12.0009,12.8221,10.4383,7.8773,8.2925,12.0622,16.4405,18.0801,16.1094,12.9324,12.0181
371,4,8.4642,12.5033,13.1710,10.6892,8.1387,8.6244,12.4196,16.7133,18.1935,16.0916,12.8881,12.0319
372,5,9.0329,12.9639,13.4762,10.8977,8.3591,8.9142,12.7310,16.9359,18.2552,16.0241,12.7972,12.0003
373,6,9.5625,13.3806,13.7361,11.0622,8.5372,9.1607,12.9952,17.1075,18.2648,15.9066,12.6599,11.9235
374,7,10.0507,13.7515,13.9490,11.1815,8.6718,9.3628,13.2115,17.2275,18.2220,15.7394,12.4763,11.8021
375,8,10.4958,14.0750,14.1136,11.2545,8.7620,9.5198,13.3794,17.2957,18.1269,15.5228,12.2470,11.6367
376,1,10.8959,14.3496,14.2289,11.2804,8.8072,9.6312,13.4983,17.3119,17.9798,15.2574,11.9730,11.4282
377,2,11.2496,14.5742,14.2939,11.2586,8.8070,9.6966,13.5683,17.2765,17.7812,14.9439,11.6551,11.1778
378,3,11.5555,14.7478,14.3080,11.1886,8.7611,9.7161,13.5895,17.1897,17.5319,14.5835,11.2946,10.8868
379,4,11.8128,14.8696,14.2708,11.0704,8.6697,9.6897,13.5623,17.0522,17.2329,14.1775,10.8931,10.5569
380,5,12.0204,14.9391,14.1821,10.9041,8.5329,9.6180,13.4872,16.8650,16.8853,13.7273,10.4521,10.1898
381,6,12.1779,14.9562,14.0421,10.6900,8.3514,9.5016,13.3651,16.6293,16.4908,13.2347,9.9736,9.7875
382,7,12.2850,14.9208,13.8511,10.4288,8.1258,9.3413,13.1972,16.3462,16.0509,12.7016,9.4596,9.3522
383,8,12.3415,14.8330,13.6095,10.1212,7.8571,9.1383,12.9846,16.0175,15.5675,12.1301,8.9124,8.8862
384,1,12.3476,14.6935,13.3183,9.7683,7.5466,8.8938,12.7289,15.6449,15.0427,11.5226,8.3345,8.3920
385,2,12.3036,14.5029,12.9785,9.3713,7.1957,8.6095,12.4318,15.2304,14.4788,10.8816,7.7285,7.8723
386,3,12.2103,14.2621,12.5913,8.9319,6.8060,8.2871,12.0953,14.7761,13.8782,10.2097,7.0971,7.3299
387,4,12.0684,13.9724,12.1582,8.4516,6.3793,7.9284,11.7214,14.2845,13.2437,9.5097,6.4432,6.7676
388,5,29.8791,31.6351,29.6810,25.9325,23.9177,25.5358,29.3125,31.7581,30.5779,26.7846,23.7699,24.1886
389,6,11.6437,13.2518,11.1616,7.3766,5.4234,7.1113,10.8709,13.1995,11.8838,8.0376,5.0802,5.5959
390,7,11.3637,12.8245,10.6020,6.7862,4.8989,6.6576,10.3993,12.6115,11.1644,7.2716,4.3774,4.9927
391,8,11.0408,12.3551,10.0046,6.1639,4.3465,6.1773,9.9005,11.9972,10.4229,6.4902,3.6648,4.3823
392,1,10.6770,11.8458,9.3719,5.5122,3.7692,5.6730,9.3773,11.3597,9.6626,5.6965,2.9457,3.7681
393,2,10.2744,11.2991,8.7065,4.8340,3.1696,5.1477,8.8327,10.7020,8.8869,4.8942,2.2235,3.1532
394,3,9.8354,10.7176,8.0113,4.1322,2.5509,4.6044,8.2699,10.0274,8.0990,4.0865,1.5018,2.5412
395,4,9.3623,10.1040,7.2891,3.4099,1.9160,4.0461,7.6919,9.3393,7.3026,3.2771,0.7838,1.9353
396,5,8.8580,9.4611,6.5432,2.6702,1.2681,3.4760,7.1020,8.6410,6.5011,2.4695,0.0732,1.3388
397,6,8.3250,8.7920,5.7766,1.9164,0.6105,2.8975,6.5035,7.9360,5.6980,1.6672,-0.6268,0.7551
398,7,7.7664,8.0997,4.9926,1.1518,-0.0535,2.3136,5.8997,7.2277,4.8969,0.8737,-1.3127,0.1874
399,8,7.1852,7.3876,4.1947,0.3799,-0.7206,1.7278,5.2940,6.5195,4.1011,0.0925,-1.9813,-0.3612